,prediction
0,Techniques
1,Tools
2,Techniques
3,Tools
4,Tools
5,Techniques
6,Techniques
7,Tools
8,Tools
9,Techniques
10,Tools
11,Techniques
12,Techniques
13,Techniques
14,Techniques
15,Career
16,Techniques
17,Techniques
18,Other
19,Techniques
20,Career
21,Other
22,Techniques
23,Tools
24,Tools
25,Techniques
26,Tools
27,Career
28,Techniques
29,Tools
30,Techniques
31,Tools
32,Techniques
33,Techniques
34,Techniques
35,Techniques
36,Tools
37,Techniques
38,Techniques
39,Techniques
40,Techniques
41,Tools
42,Techniques
43,Techniques
44,Tools
45,Techniques
46,Techniques
47,Techniques
48,Techniques
49,Techniques
50,Tools
51,Tools
52,Hackathons
53,Career
54,Tools
55,Career
56,Techniques
57,Tools
58,Tools
59,Tools
60,Techniques
61,Tools
62,Techniques
63,Techniques
64,Techniques
65,Techniques
66,Techniques
67,Techniques
68,Tools
69,Techniques
70,Tools
71,Tools
72,Techniques
73,Tools
74,Techniques
75,Hackathons
76,Techniques
77,Tools
78,Tools
79,Techniques
80,Techniques
81,Tools
82,Tools
83,Techniques
84,Techniques
85,Techniques
86,Techniques
87,Techniques
88,Techniques
89,Techniques
90,Techniques
91,Techniques
92,Tools
93,Tools
94,Techniques
95,Techniques
96,Techniques
97,Career
98,Techniques
99,Techniques
100,Techniques
101,Techniques
102,Techniques
103,Techniques
104,Techniques
105,Tools
106,Tools
107,Tools
108,Techniques
109,Hackathons
110,Techniques
111,Techniques
112,Techniques
113,Techniques
114,Techniques
115,Career
116,Techniques
117,Techniques
118,Tools
119,Techniques
120,Tools
121,Tools
122,Techniques
123,Techniques
124,Career
125,Tools
126,Techniques
127,Resources
128,Techniques
129,Career
130,Techniques
131,Techniques
132,Techniques
133,Techniques
134,Techniques
135,Techniques
136,Tools
137,Techniques
138,Techniques
139,Techniques
140,Techniques
141,Techniques
142,Techniques
143,Techniques
144,Techniques
145,Tools
146,Hackathons
147,Techniques
148,Techniques
149,Techniques
150,Techniques
151,Techniques
152,Tools
153,Techniques
154,Techniques
155,Techniques
156,Techniques
157,Career
158,Techniques
159,Techniques
160,Techniques
161,Techniques
162,Techniques
163,Tools
164,Techniques
165,Career
166,Career
167,Techniques
168,Techniques
169,Techniques
170,Techniques
171,Career
172,Tools
173,Tools
174,Techniques
175,Tools
176,Techniques
177,Techniques
178,Techniques
179,Techniques
180,Career
181,Techniques
182,Techniques
183,Hackathons
184,Techniques
185,Techniques
186,Techniques
187,Tools
188,Techniques
189,Techniques
190,Techniques
191,Techniques
192,Techniques
193,Techniques
194,Techniques
195,Techniques
196,Techniques
197,Techniques
198,Tools
199,Techniques
200,Techniques
201,Techniques
202,Tools
203,Hackathons
204,Techniques
205,Techniques
206,Tools
207,Career
208,Techniques
209,Tools
210,Techniques
211,Techniques
212,Techniques
213,Techniques
214,Resources
215,Techniques
216,Tools
217,Tools
218,Techniques
219,Techniques
220,Hackathons
221,Tools
222,Techniques
223,Career
224,Techniques
225,Techniques
226,Techniques
227,Techniques
228,Techniques
229,Techniques
230,Tools
231,Techniques
232,Tools
233,Techniques
234,Tools
235,Career
236,Techniques
237,Techniques
238,Career
239,Techniques
240,Techniques
241,Tools
242,Career
243,Techniques
244,Techniques
245,Techniques
246,Techniques
247,Tools
248,Tools
249,Tools
250,Techniques
251,Tools
252,Tools
253,Techniques
254,Career
255,Techniques
256,Techniques
257,Techniques
258,Career
259,Resources
260,Techniques
261,Career
262,Techniques
263,Techniques
264,Techniques
265,Career
266,Techniques
267,Techniques
268,Techniques
269,Techniques
270,Techniques
271,Tools
272,Techniques
273,Tools
274,Techniques
275,Techniques
276,Techniques
277,Career
278,Techniques
279,Tools
280,Career
281,Techniques
282,Tools
283,Hackathons
284,Techniques
285,Techniques
286,Techniques
287,Career
288,Techniques
289,Career
290,Tools
291,Career
292,Career
293,Tools
294,Tools
295,Techniques
296,Techniques
297,Techniques
298,Career
299,Techniques
300,Techniques
301,Hackathons
302,Tools
303,Techniques
304,Techniques
305,Techniques
306,Tools
307,Tools
308,Tools
309,Tools
310,Techniques
311,Techniques
312,Tools
313,Techniques
314,Tools
315,Tools
316,Techniques
317,Techniques
318,Techniques
319,Tools
320,Techniques
321,Hackathons
322,Resources
323,Techniques
324,Techniques
325,Tools
326,Tools
327,Tools
328,Techniques
329,Techniques
330,Techniques
331,Tools
332,Tools
333,Techniques
334,Techniques
335,Techniques
336,Techniques
337,Tools
338,Career
339,Techniques
340,Techniques
341,Hackathons
342,Tools
343,Techniques
344,Techniques
345,Career
346,Techniques
347,Techniques
348,Techniques
349,Tools
350,Misc
351,Techniques
352,Techniques
353,Resources
354,Techniques
355,Techniques
356,Techniques
357,Techniques
358,Techniques
359,Hackathons
360,Techniques
361,Tools
362,Hackathons
363,Techniques
364,Techniques
365,Techniques
366,Techniques
367,Techniques
368,Tools
369,Techniques
370,Techniques
371,Tools
372,Techniques
373,Career
374,Tools
375,Tools
376,Tools
377,Techniques
378,Techniques
379,Tools
380,Tools
381,Techniques
382,Career
383,Techniques
384,Techniques
385,Techniques
386,Techniques
387,Techniques
388,Techniques
389,Techniques
390,Techniques
391,Techniques
392,Tools
393,Techniques
394,Techniques
395,Techniques
396,Techniques
397,Career
398,Techniques
399,Tools
400,Techniques
401,Techniques
402,Career
403,Techniques
404,Techniques
405,Techniques
406,Techniques
407,Techniques
408,Techniques
409,Techniques
410,Techniques
411,Techniques
412,Career
413,Techniques
414,Techniques
415,Techniques
416,Career
417,Tools
418,Techniques
419,Techniques
420,Techniques
421,Techniques
422,Career
423,Tools
424,Tools
425,Techniques
426,Techniques
427,Hackathons
428,Techniques
429,Career
430,Tools
431,Tools
432,Career
433,Techniques
434,Hackathons
435,Techniques
436,Techniques
437,Techniques
438,Techniques
439,Career
440,Hackathons
441,Techniques
442,Techniques
443,Techniques
444,Techniques
445,Techniques
446,Techniques
447,Tools
448,Tools
449,Techniques
450,Career
451,Career
452,Techniques
453,Techniques
454,Techniques
455,Tools
456,Techniques
457,Tools
458,Tools
459,Techniques
460,Career
461,Techniques
462,Techniques
463,Tools
464,Hackathons
465,Techniques
466,Techniques
467,Techniques
468,Techniques
469,Techniques
470,Techniques
471,Tools
472,Tools
473,Tools
474,Tools
475,Career
476,Techniques
477,Techniques
478,Techniques
479,Techniques
480,Techniques
481,Techniques
482,Techniques
483,Tools
484,Tools
485,Techniques
486,Hackathons
487,Career
488,Career
489,Techniques
490,Career
491,Tools
492,Techniques
493,Career
494,Techniques
495,Tools
496,Techniques
497,Techniques
498,Hackathons
499,Tools
500,Tools
501,Techniques
502,Tools
503,Tools
504,Techniques
505,Techniques
506,Tools
507,Career
508,Techniques
509,Techniques
510,Techniques
511,Techniques
512,Techniques
513,Techniques
514,Techniques
515,Tools
516,Hackathons
517,Techniques
518,Techniques
519,Techniques
520,Career
521,Techniques
522,Tools
523,Techniques
524,Tools
525,Techniques
526,Techniques
527,Techniques
528,Career
529,Hackathons
530,Techniques
531,Techniques
532,Career
533,Techniques
534,Techniques
535,Techniques
536,Career
537,Tools
538,Techniques
539,Techniques
540,Career
541,Techniques
542,Techniques
543,Tools
544,Career
545,Career
546,Techniques
547,Techniques
548,Techniques
549,Techniques
550,Tools
551,Techniques
552,Techniques
553,Tools
554,Hackathons
555,Techniques
556,Tools
557,Techniques
558,Career
559,Techniques
560,Techniques
561,Techniques
562,Techniques
563,Techniques
564,Tools
565,Techniques
566,Techniques
567,Tools
568,Hackathons
569,Tools
570,Techniques
571,Career
572,Techniques
573,Techniques
574,Techniques
575,Hackathons
576,Techniques
577,Techniques
578,Techniques
579,Techniques
580,Career
581,Career
582,Techniques
583,Techniques
584,Career
585,Techniques
586,Tools
587,Techniques
588,Tools
589,Techniques
590,Techniques
591,Techniques
592,Tools
593,Techniques
594,Techniques
595,Tools
596,Career
597,Techniques
598,Career
599,Tools
600,Techniques
601,Techniques
602,Techniques
603,Techniques
604,Techniques
605,Career
606,Techniques
607,Techniques
608,Career
609,Tools
610,Tools
611,Career
612,Techniques
613,Techniques
614,Resources
615,Techniques
616,Career
617,Techniques
618,Techniques
619,Techniques
620,Techniques
621,Tools
622,Techniques
623,Techniques
624,Techniques
625,Techniques
626,Techniques
627,Career
628,Techniques
629,Techniques
630,Tools
631,Techniques
632,Techniques
633,Techniques
634,Techniques
635,Hackathons
636,Techniques
637,Techniques
638,Techniques
639,Techniques
640,Techniques
641,Tools
642,Techniques
643,Career
644,Techniques
645,Techniques
646,Techniques
647,Techniques
648,Tools
649,Career
650,Techniques
651,Techniques
652,Tools
653,Techniques
654,Techniques
655,Techniques
656,Career
657,Tools
658,Career
659,Techniques
660,Techniques
661,Tools
662,Career
663,Techniques
664,Techniques
665,Techniques
666,Techniques
667,Techniques
668,Techniques
669,Techniques
670,Techniques
671,Tools
672,Tools
673,Hackathons
674,Techniques
675,Techniques
676,Career
677,Career
678,Techniques
679,Career
680,Career
681,Techniques
682,Techniques
683,Techniques
684,Techniques
685,Techniques
686,Techniques
687,Techniques
688,Techniques
689,Techniques
690,Tools
691,Techniques
692,Techniques
693,Career
694,Tools
695,Techniques
696,Tools
697,Techniques
698,Techniques
699,Tools
700,Career
701,Techniques
702,Techniques
703,Tools
704,Techniques
705,Other
706,Tools
707,Career
708,Tools
709,Techniques
710,Career
711,Techniques
712,Tools
713,Career
714,Techniques
715,Techniques
716,Career
717,Tools
718,Techniques
719,Tools
720,Techniques
721,Career
722,Techniques
723,Techniques
724,Techniques
725,Tools
726,Techniques
727,Techniques
728,Career
729,Hackathons
730,Career
731,Techniques
732,Techniques
733,Techniques
734,Career
735,Techniques
736,Techniques
737,Techniques
738,Career
739,Hackathons
740,Techniques
741,Tools
742,Hackathons
743,Techniques
744,Career
745,Techniques
746,Career
747,Techniques
748,Tools
749,Techniques
750,Techniques
751,Techniques
752,Career
753,Techniques
754,Techniques
755,Tools
756,Techniques
757,Career
758,Techniques
759,Hackathons
760,Career
761,Techniques
762,Career
763,Hackathons
764,Techniques
765,Other
766,Tools
767,Techniques
768,Techniques
769,Techniques
770,Techniques
771,Tools
772,Techniques
773,Tools
774,Techniques
775,Tools
776,Tools
777,Techniques
778,Techniques
779,Techniques
780,Techniques
781,Techniques
782,Career
783,Techniques
784,Techniques
785,Techniques
786,Techniques
787,Tools
788,Career
789,Techniques
790,Tools
791,Techniques
792,Techniques
793,Techniques
794,Career
795,Techniques
796,Techniques
797,Tools
798,Hackathons
799,Techniques
800,Techniques
801,Career
802,Tools
803,Techniques
804,Hackathons
805,Techniques
806,Techniques
807,Techniques
808,Tools
809,Techniques
810,Techniques
811,Techniques
812,Techniques
813,Techniques
814,Techniques
815,Techniques
816,Techniques
817,Techniques
818,Techniques
819,Career
820,Tools
821,Techniques
822,Career
823,Techniques
824,Tools
825,Techniques
826,Techniques
827,Techniques
828,Techniques
829,Techniques
830,Hackathons
831,Techniques
832,Techniques
833,Techniques
834,Techniques
835,Career
836,Hackathons
837,Techniques
838,Techniques
839,Career
840,Tools
841,Tools
842,Tools
843,Techniques
844,Career
845,Techniques
846,Tools
847,Techniques
848,Techniques
849,Tools
850,Techniques
851,Tools
852,Techniques
853,Techniques
854,Techniques
855,Techniques
856,Tools
857,Career
858,Career
859,Career
860,Career
861,Techniques
862,Career
863,Career
864,Tools
865,Techniques
866,Techniques
867,Techniques
868,Tools
869,Techniques
870,Tools
871,Techniques
872,Techniques
873,Techniques
874,Techniques
875,Career
876,Techniques
877,Career
878,Techniques
879,Career
880,Techniques
881,Techniques
882,Techniques
883,Tools
884,Techniques
885,Techniques
886,Techniques
887,Techniques
888,Techniques
889,Techniques
890,Techniques
891,Techniques
892,Techniques
893,Techniques
894,Tools
895,Techniques
896,Techniques
897,Tools
898,Techniques
899,Tools
900,Techniques
901,Career
902,Techniques
903,Techniques
904,Techniques
905,Tools
906,Career
907,Techniques
908,Techniques
909,Techniques
910,Techniques
911,Hackathons
912,Tools
913,Tools
914,Techniques
915,Techniques
916,Techniques
917,Techniques
918,Techniques
919,Techniques
920,Techniques
921,Tools
922,Techniques
923,Techniques
924,Resources
925,Hackathons
926,Techniques
927,Tools
928,Techniques
929,Techniques
930,Career
931,Tools
932,Techniques
933,Techniques
934,Tools
935,Career
936,Techniques
937,Techniques
938,Techniques
939,Techniques
940,Career
941,Techniques
942,Techniques
943,Techniques
944,Techniques
945,Techniques
946,Techniques
947,Techniques
948,Tools
949,Other
950,Hackathons
951,Techniques
952,Techniques
953,Techniques
954,Techniques
955,Techniques
956,Techniques
957,Techniques
958,Techniques
959,Techniques
960,Techniques
961,Techniques
962,Other
963,Techniques
964,Tools
965,Techniques
966,Techniques
967,Career
968,Resources
969,Techniques
970,Tools
971,Tools
972,Techniques
973,Techniques
974,Techniques
975,Techniques
976,Career
977,Techniques
978,Career
979,Techniques
980,Techniques
981,Techniques
982,Techniques
983,Techniques
984,Techniques
985,Tools
986,Techniques
987,Techniques
988,Techniques
989,Tools
990,Techniques
991,Techniques
992,Techniques
993,Techniques
994,Techniques
995,Career
996,Techniques
997,Techniques
998,Techniques
999,Tools
1000,Techniques
1001,Techniques
1002,Career
1003,Tools
1004,Techniques
1005,Tools
1006,Techniques
1007,Techniques
1008,Techniques
1009,Tools
1010,Techniques
1011,Tools
1012,Tools
1013,Techniques
1014,Techniques
1015,Techniques
1016,Career
1017,Techniques
1018,Techniques
1019,Tools
1020,Techniques
1021,Career
1022,Techniques
1023,Techniques
1024,Techniques
1025,Techniques
1026,Techniques
1027,Techniques
1028,Techniques
1029,Techniques
1030,Tools
1031,Career
1032,Techniques
1033,Tools
1034,Tools
1035,Career
1036,Hackathons
1037,Hackathons
1038,Techniques
1039,Techniques
1040,Techniques
1041,Techniques
1042,Techniques
1043,Career
1044,Techniques
1045,Techniques
1046,Hackathons
1047,Techniques
1048,Techniques
1049,Career
1050,Techniques
1051,Career
1052,Techniques
1053,Hackathons
1054,Career
1055,Career
1056,Career
1057,Techniques
1058,Techniques
1059,Techniques
1060,Career
1061,Techniques
1062,Techniques
1063,Techniques
1064,Techniques
1065,Techniques
1066,Techniques
1067,Techniques
1068,Techniques
1069,Career
1070,Tools
1071,Tools
1072,Techniques
1073,Techniques
1074,Techniques
1075,Techniques
1076,Career
1077,Techniques
1078,Tools
1079,Techniques
1080,Techniques
1081,Techniques
1082,Techniques
1083,Techniques
1084,Techniques
1085,Tools
1086,Hackathons
1087,Techniques
1088,Resources
1089,Techniques
1090,Techniques
1091,Techniques
1092,Career
1093,Techniques
1094,Career
1095,Techniques
1096,Techniques
1097,Techniques
1098,Techniques
1099,Tools
1100,Techniques
1101,Techniques
1102,Techniques
1103,Tools
1104,Techniques
1105,Techniques
1106,Tools
1107,Techniques
1108,Techniques
1109,Techniques
1110,Techniques
1111,Tools
1112,Techniques
1113,Techniques
1114,Techniques
1115,Techniques
1116,Techniques
1117,Hackathons
1118,Techniques
1119,Techniques
1120,Techniques
1121,Career
1122,Techniques
1123,Techniques
1124,Techniques
1125,Techniques
1126,Tools
1127,Techniques
1128,Hackathons
1129,Techniques
1130,Techniques
1131,Techniques
1132,Hackathons
1133,Career
1134,Techniques
1135,Tools
1136,Techniques
1137,Tools
1138,Techniques
1139,Tools
1140,Techniques
1141,Techniques
1142,Career
1143,Tools
1144,Tools
1145,Techniques
1146,Hackathons
1147,Techniques
1148,Tools
1149,Tools
1150,Career
1151,Techniques
1152,Tools
1153,Tools
1154,Techniques
1155,Career
1156,Tools
1157,Techniques
1158,Techniques
1159,Techniques
1160,Techniques
1161,Techniques
1162,Techniques
1163,Techniques
1164,Techniques
1165,Techniques
1166,Techniques
1167,Techniques
1168,Techniques
1169,Techniques
1170,Techniques
1171,Techniques
1172,Tools
1173,Tools
1174,Techniques
1175,Career
1176,Career
1177,Techniques
1178,Tools
1179,Techniques
1180,Tools
1181,Hackathons
1182,Techniques
1183,Tools
1184,Techniques
1185,Tools
1186,Techniques
1187,Career
1188,Techniques
1189,Tools
1190,Tools
1191,Techniques
1192,Techniques
1193,Techniques
1194,Tools
1195,Tools
1196,Techniques
1197,Techniques
1198,Tools
1199,Techniques
1200,Techniques
1201,Techniques
1202,Techniques
1203,Techniques
1204,Techniques
1205,Techniques
1206,Techniques
1207,Techniques
1208,Techniques
1209,Tools
1210,Techniques
1211,Techniques
1212,Tools
1213,Techniques
1214,Tools
1215,Techniques
1216,Techniques
1217,Techniques
1218,Techniques
1219,Tools
1220,Techniques
1221,Techniques
1222,Career
1223,Techniques
1224,Techniques
1225,Techniques
1226,Techniques
1227,Tools
1228,Techniques
1229,Techniques
1230,Techniques
1231,Techniques
1232,Techniques
1233,Career
1234,Techniques
1235,Hackathons
1236,Techniques
1237,Tools
1238,Techniques
1239,Techniques
1240,Tools
1241,Career
1242,Techniques
1243,Techniques
1244,Techniques
1245,Career
1246,Techniques
1247,Techniques
1248,Techniques
1249,Techniques
1250,Hackathons
1251,Tools
1252,Career
1253,Tools
1254,Tools
1255,Techniques
1256,Tools
1257,Techniques
1258,Techniques
1259,Techniques
1260,Career
1261,Techniques
1262,Techniques
1263,Tools
1264,Techniques
1265,Techniques
1266,Techniques
1267,Techniques
1268,Techniques
1269,Tools
1270,Tools
1271,Techniques
1272,Career
1273,Techniques
1274,Tools
1275,Hackathons
1276,Techniques
1277,Career
1278,Techniques
1279,Tools
1280,Techniques
1281,Techniques
1282,Techniques
1283,Techniques
1284,Techniques
1285,Techniques
1286,Techniques
1287,Techniques
1288,Techniques
1289,Techniques
1290,Tools
1291,Techniques
1292,Techniques
1293,Techniques
1294,Career
1295,Techniques
1296,Techniques
1297,Career
1298,Techniques
1299,Techniques
1300,Career
1301,Techniques
1302,Techniques
1303,Career
1304,Techniques
1305,Techniques
1306,Techniques
1307,Career
1308,Tools
1309,Techniques
1310,Techniques
1311,Hackathons
1312,Techniques
1313,Techniques
1314,Techniques
1315,Career
1316,Techniques
1317,Tools
1318,Techniques
1319,Techniques
1320,Techniques
1321,Techniques
1322,Techniques
1323,Hackathons
1324,Tools
1325,Techniques
1326,Techniques
1327,Tools
1328,Tools
1329,Career
1330,Techniques
1331,Techniques
1332,Tools
1333,Techniques
1334,Techniques
1335,Career
1336,Techniques
1337,Techniques
1338,Career
1339,Techniques
1340,Career
1341,Techniques
1342,Techniques
1343,Tools
1344,Techniques
1345,Tools
1346,Techniques
1347,Techniques
1348,Tools
1349,Techniques
1350,Techniques
1351,Hackathons
1352,Techniques
1353,Resources
1354,Techniques
1355,Techniques
1356,Tools
1357,Techniques
1358,Resources
1359,Techniques
1360,Techniques
1361,Tools
1362,Techniques
1363,Techniques
1364,Techniques
1365,Techniques
1366,Tools
1367,Techniques
1368,Career
1369,Techniques
1370,Techniques
1371,Tools
1372,Techniques
1373,Career
1374,Techniques
1375,Tools
1376,Tools
1377,Techniques
1378,Techniques
1379,Career
1380,Career
1381,Techniques
1382,Techniques
1383,Techniques
1384,Techniques
1385,Hackathons
1386,Techniques
1387,Career
1388,Tools
1389,Techniques
1390,Techniques
1391,Techniques
1392,Techniques
1393,Techniques
1394,Tools
1395,Techniques
1396,Tools
1397,Techniques
1398,Techniques
1399,Techniques
1400,Techniques
1401,Techniques
1402,Techniques
1403,Career
1404,Tools
1405,Techniques
1406,Techniques
1407,Techniques
1408,Techniques
1409,Techniques
1410,Career
1411,Techniques
1412,Resources
1413,Techniques
1414,Tools
1415,Techniques
1416,Techniques
1417,Tools
1418,Techniques
1419,Techniques
1420,Tools
1421,Techniques
1422,Tools
1423,Career
1424,Tools
1425,Techniques
1426,Techniques
1427,Career
1428,Techniques
1429,Techniques
1430,Techniques
1431,Techniques
1432,Techniques
1433,Tools
1434,Techniques
1435,Career
1436,Tools
1437,Techniques
1438,Career
1439,Tools
1440,Techniques
1441,Techniques
1442,Techniques
1443,Tools
1444,Tools
1445,Techniques
1446,Techniques
1447,Techniques
1448,Tools
1449,Techniques
1450,Techniques
1451,Techniques
1452,Techniques
1453,Career
1454,Hackathons
1455,Career
1456,Techniques
1457,Techniques
1458,Techniques
1459,Tools
1460,Techniques
1461,Techniques
1462,Techniques
1463,Techniques
1464,Techniques
1465,Techniques
1466,Techniques
1467,Techniques
1468,Techniques
1469,Techniques
1470,Techniques
1471,Career
1472,Career
1473,Techniques
1474,Techniques
1475,Hackathons
1476,Tools
1477,Techniques
1478,Techniques
1479,Career
1480,Techniques
1481,Techniques
1482,Techniques
1483,Career
1484,Career
1485,Techniques
1486,Techniques
1487,Techniques
1488,Career
1489,Techniques
1490,Tools
1491,Techniques
1492,Tools
1493,Tools
1494,Tools
1495,Hackathons
1496,Career
1497,Techniques
1498,Techniques
1499,Tools
1500,Techniques
1501,Tools
1502,Tools
1503,Techniques
1504,Techniques
1505,Techniques
1506,Techniques
1507,Career
1508,Career
1509,Techniques
1510,Tools
1511,Techniques
1512,Techniques
1513,Tools
1514,Tools
1515,Tools
1516,Tools
1517,Techniques
1518,Career
1519,Career
1520,Techniques
1521,Techniques
1522,Techniques
1523,Techniques
1524,Tools
1525,Tools
1526,Hackathons
1527,Tools
1528,Techniques
1529,Techniques
1530,Career
1531,Techniques
1532,Career
1533,Tools
1534,Techniques
1535,Hackathons
1536,Techniques
1537,Career
1538,Techniques
1539,Techniques
1540,Techniques
1541,Techniques
1542,Techniques
1543,Techniques
1544,Techniques
1545,Techniques
1546,Career
1547,Techniques
1548,Techniques
1549,Techniques
1550,Techniques
1551,Career
1552,Tools
1553,Techniques
1554,Techniques
1555,Career
1556,Techniques
1557,Techniques
1558,Techniques
1559,Techniques
1560,Techniques
1561,Career
1562,Techniques
1563,Tools
1564,Tools
1565,Techniques
1566,Techniques
1567,Techniques
1568,Techniques
1569,Techniques
1570,Techniques
1571,Techniques
1572,Techniques
1573,Techniques
1574,Career
1575,Career
1576,Techniques
1577,Techniques
1578,Techniques
1579,Techniques
1580,Techniques
1581,Career
1582,Career
1583,Tools
1584,Techniques
1585,Tools
1586,Tools
1587,Techniques
1588,Techniques
1589,Resources
1590,Tools
1591,Techniques
1592,Career
1593,Techniques
1594,Techniques
1595,Techniques
1596,Tools
1597,Techniques
1598,Techniques
1599,Techniques
1600,Techniques
1601,Techniques
1602,Tools
1603,Techniques
1604,Techniques
1605,Career
1606,Techniques
1607,Techniques
1608,Tools
1609,Tools
1610,Techniques
1611,Techniques
1612,Techniques
1613,Tools
1614,Tools
1615,Techniques
1616,Tools
1617,Career
1618,Techniques
1619,Career
1620,Tools
1621,Tools
1622,Techniques
1623,Career
1624,Techniques
1625,Career
1626,Techniques
1627,Techniques
1628,Techniques
1629,Techniques
1630,Techniques
1631,Techniques
1632,Career
1633,Tools
1634,Techniques
1635,Techniques
1636,Career
1637,Techniques
1638,Techniques
1639,Techniques
1640,Hackathons
1641,Techniques
1642,Career
1643,Techniques
1644,Techniques
1645,Techniques
1646,Techniques
1647,Techniques
1648,Tools
